{
"employees": [
{
"id": 1,
"name": "John Doe",
"position": "Software Engineer",
"salary": 75000,
"departments": ["Engineering", "Technology"]
},
{
"id": 2,
"name": "Jane Smith",
"position": "Data Scientist",
"salary": 80000,
"departments": ["Data Science", "Research"]
},
{
"id": 3,
"name": "Alexandra",
"position": "Marketing Specialist",
"salary": 65000,
"departments": ["Marketing"]
},
{
"id": 4,
"name": "Steven Smith",
"position": "Financial Analyst",
"salary": 75000,
"departments": ["Finance"]
},
{
"id": 5,
"name": "James Clarke",
"position": "HR Manager",
"salary": 60000,
"departments": ["Human Resources"]
}
]
}
